"id","participant_id","question_id","response_value","questionnaire_type","timestamp"
"115","64c4039b-2e86-4f18-8d7a-0ee7cf448824","pre_content_familiarity","7","pre","2025-04-24 09:52:27.31596+00"
"116","64c4039b-2e86-4f18-8d7a-0ee7cf448824","pre_decision_experience","7","pre","2025-04-24 09:52:27.31596+00"
"117","64c4039b-2e86-4f18-8d7a-0ee7cf448824","pre_ai_familiarity","7","pre","2025-04-24 09:52:27.31596+00"
"118","64c4039b-2e86-4f18-8d7a-0ee7cf448824","pre_ai_usage","7","pre","2025-04-24 09:52:27.31596+00"
"119","64c4039b-2e86-4f18-8d7a-0ee7cf448824","pre_tech_comfort","7","pre","2025-04-24 09:52:27.31596+00"
"120","64c4039b-2e86-4f18-8d7a-0ee7cf448824","post_overall_difficulty","1","post","2025-04-24 09:54:44.738818+00"
"121","64c4039b-2e86-4f18-8d7a-0ee7cf448824","post_confidence","1","post","2025-04-24 09:54:44.738818+00"
"122","64c4039b-2e86-4f18-8d7a-0ee7cf448824","post_effort","1","post","2025-04-24 09:54:44.738818+00"
"123","64c4039b-2e86-4f18-8d7a-0ee7cf448824","post_engagement","1","post","2025-04-24 09:54:44.738818+00"
"124","3c1fc0b4-0d89-4584-a98f-905a8ff44eb9","pre_content_familiarity","7","pre","2025-04-24 09:57:09.184451+00"
"125","3c1fc0b4-0d89-4584-a98f-905a8ff44eb9","pre_decision_experience","7","pre","2025-04-24 09:57:09.184451+00"
"126","3c1fc0b4-0d89-4584-a98f-905a8ff44eb9","pre_ai_familiarity","7","pre","2025-04-24 09:57:09.184451+00"
"127","3c1fc0b4-0d89-4584-a98f-905a8ff44eb9","pre_ai_usage","7","pre","2025-04-24 09:57:09.184451+00"
"128","3c1fc0b4-0d89-4584-a98f-905a8ff44eb9","pre_tech_comfort","7","pre","2025-04-24 09:57:09.184451+00"
"129","7393fb9b-2bd2-45b0-a8f3-27312c439586","pre_content_familiarity","7","pre","2025-04-24 10:06:53.974811+00"
"130","7393fb9b-2bd2-45b0-a8f3-27312c439586","pre_decision_experience","7","pre","2025-04-24 10:06:53.974811+00"
"131","7393fb9b-2bd2-45b0-a8f3-27312c439586","pre_ai_familiarity","6","pre","2025-04-24 10:06:53.974811+00"
"132","7393fb9b-2bd2-45b0-a8f3-27312c439586","pre_ai_usage","6","pre","2025-04-24 10:06:53.974811+00"
"133","7393fb9b-2bd2-45b0-a8f3-27312c439586","pre_tech_comfort","7","pre","2025-04-24 10:06:53.974811+00"
"134","54e20378-5282-4fda-8e17-c451a1b14e26","pre_content_familiarity","7","pre","2025-04-24 10:07:11.597433+00"
"135","54e20378-5282-4fda-8e17-c451a1b14e26","pre_decision_experience","7","pre","2025-04-24 10:07:11.597433+00"
"136","54e20378-5282-4fda-8e17-c451a1b14e26","pre_ai_familiarity","6","pre","2025-04-24 10:07:11.597433+00"
"137","54e20378-5282-4fda-8e17-c451a1b14e26","pre_ai_usage","7","pre","2025-04-24 10:07:11.597433+00"
"138","54e20378-5282-4fda-8e17-c451a1b14e26","pre_tech_comfort","7","pre","2025-04-24 10:07:11.597433+00"
"139","495deb73-d8eb-448f-8326-d7efe9e8eee1","pre_content_familiarity","7","pre","2025-04-24 10:07:27.024081+00"
"140","495deb73-d8eb-448f-8326-d7efe9e8eee1","pre_decision_experience","6","pre","2025-04-24 10:07:27.024081+00"
"141","495deb73-d8eb-448f-8326-d7efe9e8eee1","pre_ai_familiarity","7","pre","2025-04-24 10:07:27.024081+00"
"142","495deb73-d8eb-448f-8326-d7efe9e8eee1","pre_ai_usage","7","pre","2025-04-24 10:07:27.024081+00"
"143","495deb73-d8eb-448f-8326-d7efe9e8eee1","pre_tech_comfort","7","pre","2025-04-24 10:07:27.024081+00"
"144","137b5175-1e73-440f-98ac-779c4bb7a82f","pre_content_familiarity","7","pre","2025-04-24 10:07:28.552452+00"
"145","137b5175-1e73-440f-98ac-779c4bb7a82f","pre_decision_experience","6","pre","2025-04-24 10:07:28.552452+00"
"146","137b5175-1e73-440f-98ac-779c4bb7a82f","pre_ai_familiarity","6","pre","2025-04-24 10:07:28.552452+00"
"147","137b5175-1e73-440f-98ac-779c4bb7a82f","pre_ai_usage","7","pre","2025-04-24 10:07:28.552452+00"
"148","137b5175-1e73-440f-98ac-779c4bb7a82f","pre_tech_comfort","7","pre","2025-04-24 10:07:28.552452+00"
"149","0b702acf-b8e1-4150-86fe-a7835448b0b6","pre_content_familiarity","7","pre","2025-04-24 10:08:22.926651+00"
"150","0b702acf-b8e1-4150-86fe-a7835448b0b6","pre_decision_experience","5","pre","2025-04-24 10:08:22.926651+00"
"151","0b702acf-b8e1-4150-86fe-a7835448b0b6","pre_ai_familiarity","7","pre","2025-04-24 10:08:22.926651+00"
"152","0b702acf-b8e1-4150-86fe-a7835448b0b6","pre_ai_usage","7","pre","2025-04-24 10:08:22.926651+00"
"153","0b702acf-b8e1-4150-86fe-a7835448b0b6","pre_tech_comfort","7","pre","2025-04-24 10:08:22.926651+00"
"154","015f7c2e-7897-4f39-a80d-ba2c41885d91","pre_content_familiarity","6","pre","2025-04-24 10:08:41.775612+00"
"155","015f7c2e-7897-4f39-a80d-ba2c41885d91","pre_decision_experience","5","pre","2025-04-24 10:08:41.775612+00"
"156","015f7c2e-7897-4f39-a80d-ba2c41885d91","pre_ai_familiarity","6","pre","2025-04-24 10:08:41.775612+00"
"157","015f7c2e-7897-4f39-a80d-ba2c41885d91","pre_ai_usage","7","pre","2025-04-24 10:08:41.775612+00"
"158","015f7c2e-7897-4f39-a80d-ba2c41885d91","pre_tech_comfort","5","pre","2025-04-24 10:08:41.775612+00"
"159","4beaba4b-fb1b-45e6-9519-6af798532e6f","pre_content_familiarity","6","pre","2025-04-24 10:09:32.938224+00"
"160","4beaba4b-fb1b-45e6-9519-6af798532e6f","pre_decision_experience","5","pre","2025-04-24 10:09:32.938224+00"
"161","4beaba4b-fb1b-45e6-9519-6af798532e6f","pre_ai_familiarity","5","pre","2025-04-24 10:09:32.938224+00"
"162","4beaba4b-fb1b-45e6-9519-6af798532e6f","pre_ai_usage","6","pre","2025-04-24 10:09:32.938224+00"
"163","4beaba4b-fb1b-45e6-9519-6af798532e6f","pre_tech_comfort","5","pre","2025-04-24 10:09:32.938224+00"
"164","137b5175-1e73-440f-98ac-779c4bb7a82f","post_overall_difficulty","5","post","2025-04-24 10:19:00.908716+00"
"165","137b5175-1e73-440f-98ac-779c4bb7a82f","post_confidence","4","post","2025-04-24 10:19:00.908716+00"
"166","137b5175-1e73-440f-98ac-779c4bb7a82f","post_effort","5","post","2025-04-24 10:19:00.908716+00"
"167","137b5175-1e73-440f-98ac-779c4bb7a82f","post_engagement","5","post","2025-04-24 10:19:00.908716+00"
"168","495deb73-d8eb-448f-8326-d7efe9e8eee1","post_overall_difficulty","5","post","2025-04-24 10:19:06.593386+00"
"169","495deb73-d8eb-448f-8326-d7efe9e8eee1","post_confidence","2","post","2025-04-24 10:19:06.593386+00"
"170","495deb73-d8eb-448f-8326-d7efe9e8eee1","post_effort","5","post","2025-04-24 10:19:06.593386+00"
"171","495deb73-d8eb-448f-8326-d7efe9e8eee1","post_engagement","6","post","2025-04-24 10:19:06.593386+00"
"172","7393fb9b-2bd2-45b0-a8f3-27312c439586","post_overall_difficulty","5","post","2025-04-24 10:19:46.248967+00"
"173","7393fb9b-2bd2-45b0-a8f3-27312c439586","post_confidence","4","post","2025-04-24 10:19:46.248967+00"
"174","7393fb9b-2bd2-45b0-a8f3-27312c439586","post_effort","6","post","2025-04-24 10:19:46.248967+00"
"175","7393fb9b-2bd2-45b0-a8f3-27312c439586","post_engagement","5","post","2025-04-24 10:19:46.248967+00"
"176","54e20378-5282-4fda-8e17-c451a1b14e26","post_overall_difficulty","6","post","2025-04-24 10:20:18.824674+00"
"177","54e20378-5282-4fda-8e17-c451a1b14e26","post_confidence","3","post","2025-04-24 10:20:18.824674+00"
"178","54e20378-5282-4fda-8e17-c451a1b14e26","post_effort","6","post","2025-04-24 10:20:18.824674+00"
"179","54e20378-5282-4fda-8e17-c451a1b14e26","post_engagement","7","post","2025-04-24 10:20:18.824674+00"
"180","4beaba4b-fb1b-45e6-9519-6af798532e6f","post_overall_difficulty","6","post","2025-04-24 10:21:07.645856+00"
"181","4beaba4b-fb1b-45e6-9519-6af798532e6f","post_confidence","3","post","2025-04-24 10:21:07.645856+00"
"182","4beaba4b-fb1b-45e6-9519-6af798532e6f","post_effort","4","post","2025-04-24 10:21:07.645856+00"
"183","4beaba4b-fb1b-45e6-9519-6af798532e6f","post_engagement","5","post","2025-04-24 10:21:07.645856+00"
"184","0b702acf-b8e1-4150-86fe-a7835448b0b6","post_overall_difficulty","5","post","2025-04-24 10:21:21.10034+00"
"185","0b702acf-b8e1-4150-86fe-a7835448b0b6","post_confidence","3","post","2025-04-24 10:21:21.10034+00"
"186","0b702acf-b8e1-4150-86fe-a7835448b0b6","post_effort","2","post","2025-04-24 10:21:21.10034+00"
"187","0b702acf-b8e1-4150-86fe-a7835448b0b6","post_engagement","4","post","2025-04-24 10:21:21.10034+00"
"188","015f7c2e-7897-4f39-a80d-ba2c41885d91","post_overall_difficulty","5","post","2025-04-24 10:22:55.28986+00"
"189","015f7c2e-7897-4f39-a80d-ba2c41885d91","post_confidence","3","post","2025-04-24 10:22:55.28986+00"
"190","015f7c2e-7897-4f39-a80d-ba2c41885d91","post_effort","6","post","2025-04-24 10:22:55.28986+00"
"191","015f7c2e-7897-4f39-a80d-ba2c41885d91","post_engagement","7","post","2025-04-24 10:22:55.28986+00"
"192","cfc5eeaa-8284-4fce-a92c-9b5b85b3af9a","pre_content_familiarity","7","pre","2025-04-24 10:37:30.402755+00"
"193","cfc5eeaa-8284-4fce-a92c-9b5b85b3af9a","pre_decision_experience","6","pre","2025-04-24 10:37:30.402755+00"
"194","cfc5eeaa-8284-4fce-a92c-9b5b85b3af9a","pre_ai_familiarity","6","pre","2025-04-24 10:37:30.402755+00"
"195","cfc5eeaa-8284-4fce-a92c-9b5b85b3af9a","pre_ai_usage","4","pre","2025-04-24 10:37:30.402755+00"
"196","cfc5eeaa-8284-4fce-a92c-9b5b85b3af9a","pre_tech_comfort","6","pre","2025-04-24 10:37:30.402755+00"
"197","f259ebaa-9077-4d96-a54e-c9729999f11d","pre_content_familiarity","7","pre","2025-04-24 10:37:37.880572+00"
"198","f259ebaa-9077-4d96-a54e-c9729999f11d","pre_decision_experience","6","pre","2025-04-24 10:37:37.880572+00"
"199","f259ebaa-9077-4d96-a54e-c9729999f11d","pre_ai_familiarity","5","pre","2025-04-24 10:37:37.880572+00"
"200","f259ebaa-9077-4d96-a54e-c9729999f11d","pre_ai_usage","4","pre","2025-04-24 10:37:37.880572+00"
"201","f259ebaa-9077-4d96-a54e-c9729999f11d","pre_tech_comfort","7","pre","2025-04-24 10:37:37.880572+00"
"202","6887c5b5-a2cc-4199-a180-a4ef5857b50f","pre_content_familiarity","7","pre","2025-04-24 10:37:41.540067+00"
"203","6887c5b5-a2cc-4199-a180-a4ef5857b50f","pre_decision_experience","6","pre","2025-04-24 10:37:41.540067+00"
"204","6887c5b5-a2cc-4199-a180-a4ef5857b50f","pre_ai_familiarity","4","pre","2025-04-24 10:37:41.540067+00"
"205","6887c5b5-a2cc-4199-a180-a4ef5857b50f","pre_ai_usage","3","pre","2025-04-24 10:37:41.540067+00"
"206","6887c5b5-a2cc-4199-a180-a4ef5857b50f","pre_tech_comfort","6","pre","2025-04-24 10:37:41.540067+00"
"207","1cd78a9d-dbd9-420e-9b76-1e93cd7037d2","pre_content_familiarity","7","pre","2025-04-24 10:37:43.328175+00"
"208","1cd78a9d-dbd9-420e-9b76-1e93cd7037d2","pre_decision_experience","6","pre","2025-04-24 10:37:43.328175+00"
"209","1cd78a9d-dbd9-420e-9b76-1e93cd7037d2","pre_ai_familiarity","6","pre","2025-04-24 10:37:43.328175+00"
"210","1cd78a9d-dbd9-420e-9b76-1e93cd7037d2","pre_ai_usage","7","pre","2025-04-24 10:37:43.328175+00"
"211","1cd78a9d-dbd9-420e-9b76-1e93cd7037d2","pre_tech_comfort","7","pre","2025-04-24 10:37:43.328175+00"
"212","d889c1e9-cb46-48fd-b45a-cc39d253530a","pre_content_familiarity","5","pre","2025-04-24 10:38:18.297105+00"
"213","d889c1e9-cb46-48fd-b45a-cc39d253530a","pre_decision_experience","5","pre","2025-04-24 10:38:18.297105+00"
"214","d889c1e9-cb46-48fd-b45a-cc39d253530a","pre_ai_familiarity","4","pre","2025-04-24 10:38:18.297105+00"
"215","d889c1e9-cb46-48fd-b45a-cc39d253530a","pre_ai_usage","6","pre","2025-04-24 10:38:18.297105+00"
"216","d889c1e9-cb46-48fd-b45a-cc39d253530a","pre_tech_comfort","4","pre","2025-04-24 10:38:18.297105+00"
"217","66a531ce-d7d5-4a75-b229-2e7960f7fa97","pre_content_familiarity","7","pre","2025-04-24 10:39:58.698971+00"
"218","66a531ce-d7d5-4a75-b229-2e7960f7fa97","pre_decision_experience","6","pre","2025-04-24 10:39:58.698971+00"
"219","66a531ce-d7d5-4a75-b229-2e7960f7fa97","pre_ai_familiarity","6","pre","2025-04-24 10:39:58.698971+00"
"220","66a531ce-d7d5-4a75-b229-2e7960f7fa97","pre_ai_usage","4","pre","2025-04-24 10:39:58.698971+00"
"221","66a531ce-d7d5-4a75-b229-2e7960f7fa97","pre_tech_comfort","6","pre","2025-04-24 10:39:58.698971+00"
"232","88386777-59d5-4265-885b-a156530e3845","pre_content_familiarity","7","pre","2025-04-24 10:49:26.468034+00"
"233","88386777-59d5-4265-885b-a156530e3845","pre_decision_experience","7","pre","2025-04-24 10:49:26.468034+00"
"234","88386777-59d5-4265-885b-a156530e3845","pre_ai_familiarity","7","pre","2025-04-24 10:49:26.468034+00"
"235","88386777-59d5-4265-885b-a156530e3845","pre_ai_usage","7","pre","2025-04-24 10:49:26.468034+00"
"236","88386777-59d5-4265-885b-a156530e3845","pre_tech_comfort","7","pre","2025-04-24 10:49:26.468034+00"
"237","f259ebaa-9077-4d96-a54e-c9729999f11d","post_overall_difficulty","5","post","2025-04-24 10:51:00.689359+00"
"238","f259ebaa-9077-4d96-a54e-c9729999f11d","post_confidence","2","post","2025-04-24 10:51:00.689359+00"
"239","f259ebaa-9077-4d96-a54e-c9729999f11d","post_effort","7","post","2025-04-24 10:51:00.689359+00"
"240","f259ebaa-9077-4d96-a54e-c9729999f11d","post_engagement","5","post","2025-04-24 10:51:00.689359+00"
"241","6887c5b5-a2cc-4199-a180-a4ef5857b50f","post_overall_difficulty","5","post","2025-04-24 10:51:33.797376+00"
"242","6887c5b5-a2cc-4199-a180-a4ef5857b50f","post_confidence","2","post","2025-04-24 10:51:33.797376+00"
"243","6887c5b5-a2cc-4199-a180-a4ef5857b50f","post_effort","6","post","2025-04-24 10:51:33.797376+00"
"244","6887c5b5-a2cc-4199-a180-a4ef5857b50f","post_engagement","7","post","2025-04-24 10:51:33.797376+00"
"245","cfc5eeaa-8284-4fce-a92c-9b5b85b3af9a","post_overall_difficulty","5","post","2025-04-24 10:53:34.510912+00"
"246","cfc5eeaa-8284-4fce-a92c-9b5b85b3af9a","post_confidence","6","post","2025-04-24 10:53:34.510912+00"
"247","cfc5eeaa-8284-4fce-a92c-9b5b85b3af9a","post_effort","5","post","2025-04-24 10:53:34.510912+00"
"248","cfc5eeaa-8284-4fce-a92c-9b5b85b3af9a","post_engagement","7","post","2025-04-24 10:53:34.510912+00"
"249","66a531ce-d7d5-4a75-b229-2e7960f7fa97","post_overall_difficulty","5","post","2025-04-24 10:56:15.541437+00"
"250","66a531ce-d7d5-4a75-b229-2e7960f7fa97","post_confidence","4","post","2025-04-24 10:56:15.541437+00"
"251","66a531ce-d7d5-4a75-b229-2e7960f7fa97","post_effort","5","post","2025-04-24 10:56:15.541437+00"
"252","66a531ce-d7d5-4a75-b229-2e7960f7fa97","post_engagement","5","post","2025-04-24 10:56:15.541437+00"
"253","1cd78a9d-dbd9-420e-9b76-1e93cd7037d2","post_overall_difficulty","6","post","2025-04-24 10:56:24.970298+00"
"254","1cd78a9d-dbd9-420e-9b76-1e93cd7037d2","post_confidence","3","post","2025-04-24 10:56:24.970298+00"
"255","1cd78a9d-dbd9-420e-9b76-1e93cd7037d2","post_effort","6","post","2025-04-24 10:56:24.970298+00"
"256","1cd78a9d-dbd9-420e-9b76-1e93cd7037d2","post_engagement","7","post","2025-04-24 10:56:24.970298+00"
"257","d889c1e9-cb46-48fd-b45a-cc39d253530a","post_overall_difficulty","5","post","2025-04-24 10:58:49.219586+00"
"258","d889c1e9-cb46-48fd-b45a-cc39d253530a","post_confidence","2","post","2025-04-24 10:58:49.219586+00"
"259","d889c1e9-cb46-48fd-b45a-cc39d253530a","post_effort","6","post","2025-04-24 10:58:49.219586+00"
"260","d889c1e9-cb46-48fd-b45a-cc39d253530a","post_engagement","7","post","2025-04-24 10:58:49.219586+00"
"261","90273864-46fc-4064-a437-c2d25d9f6fbb","pre_content_familiarity","7","pre","2025-04-24 11:19:02.571518+00"
"262","90273864-46fc-4064-a437-c2d25d9f6fbb","pre_decision_experience","7","pre","2025-04-24 11:19:02.571518+00"
"263","90273864-46fc-4064-a437-c2d25d9f6fbb","pre_ai_familiarity","7","pre","2025-04-24 11:19:02.571518+00"
"264","90273864-46fc-4064-a437-c2d25d9f6fbb","pre_ai_usage","7","pre","2025-04-24 11:19:02.571518+00"
"265","90273864-46fc-4064-a437-c2d25d9f6fbb","pre_tech_comfort","7","pre","2025-04-24 11:19:02.571518+00"
"266","605ce5cd-181d-4dcb-8ebc-99eef38c81bb","pre_content_familiarity","7","pre","2025-04-25 09:46:50.494613+00"
"267","605ce5cd-181d-4dcb-8ebc-99eef38c81bb","pre_decision_experience","7","pre","2025-04-25 09:46:50.494613+00"
"268","605ce5cd-181d-4dcb-8ebc-99eef38c81bb","pre_ai_familiarity","7","pre","2025-04-25 09:46:50.494613+00"
"269","605ce5cd-181d-4dcb-8ebc-99eef38c81bb","pre_ai_usage","7","pre","2025-04-25 09:46:50.494613+00"
"270","605ce5cd-181d-4dcb-8ebc-99eef38c81bb","pre_tech_comfort","7","pre","2025-04-25 09:46:50.494613+00"
"271","6d15731c-fa63-4bb5-8aba-bdac175177b7","pre_content_familiarity","7","pre","2025-04-25 10:02:55.851469+00"
"272","6d15731c-fa63-4bb5-8aba-bdac175177b7","pre_decision_experience","7","pre","2025-04-25 10:02:55.851469+00"
"273","6d15731c-fa63-4bb5-8aba-bdac175177b7","pre_ai_familiarity","7","pre","2025-04-25 10:02:55.851469+00"
"274","6d15731c-fa63-4bb5-8aba-bdac175177b7","pre_ai_usage","7","pre","2025-04-25 10:02:55.851469+00"
"275","6d15731c-fa63-4bb5-8aba-bdac175177b7","pre_tech_comfort","7","pre","2025-04-25 10:02:55.851469+00"
"276","6d15731c-fa63-4bb5-8aba-bdac175177b7","post_overall_difficulty","1","post","2025-04-25 10:04:18.04662+00"
"277","6d15731c-fa63-4bb5-8aba-bdac175177b7","post_confidence","1","post","2025-04-25 10:04:18.04662+00"
"278","6d15731c-fa63-4bb5-8aba-bdac175177b7","post_effort","1","post","2025-04-25 10:04:18.04662+00"
"279","6d15731c-fa63-4bb5-8aba-bdac175177b7","post_engagement","1","post","2025-04-25 10:04:18.04662+00"
"280","19f22b0e-6abb-45e9-b474-6053250170aa","pre_content_familiarity","7","pre","2025-04-25 10:05:39.997122+00"
"281","19f22b0e-6abb-45e9-b474-6053250170aa","pre_decision_experience","4","pre","2025-04-25 10:05:39.997122+00"
"282","19f22b0e-6abb-45e9-b474-6053250170aa","pre_ai_familiarity","1","pre","2025-04-25 10:05:39.997122+00"
"283","19f22b0e-6abb-45e9-b474-6053250170aa","pre_ai_usage","4","pre","2025-04-25 10:05:39.997122+00"
"284","19f22b0e-6abb-45e9-b474-6053250170aa","pre_tech_comfort","7","pre","2025-04-25 10:05:39.997122+00"
"285","13c65984-1da1-4a40-97e9-38d2585afa1b","pre_content_familiarity","1","pre","2025-04-25 10:06:59.227993+00"
"286","13c65984-1da1-4a40-97e9-38d2585afa1b","pre_decision_experience","1","pre","2025-04-25 10:06:59.227993+00"
"287","13c65984-1da1-4a40-97e9-38d2585afa1b","pre_ai_familiarity","1","pre","2025-04-25 10:06:59.227993+00"
"288","13c65984-1da1-4a40-97e9-38d2585afa1b","pre_ai_usage","1","pre","2025-04-25 10:06:59.227993+00"
"289","13c65984-1da1-4a40-97e9-38d2585afa1b","pre_tech_comfort","1","pre","2025-04-25 10:06:59.227993+00"
"290","d6bc2fd2-4b6d-4805-ba46-696ba1a1f1b0","pre_content_familiarity","7","pre","2025-04-25 10:11:09.790552+00"
"291","d6bc2fd2-4b6d-4805-ba46-696ba1a1f1b0","pre_decision_experience","7","pre","2025-04-25 10:11:09.790552+00"
"292","d6bc2fd2-4b6d-4805-ba46-696ba1a1f1b0","pre_ai_familiarity","7","pre","2025-04-25 10:11:09.790552+00"
"293","d6bc2fd2-4b6d-4805-ba46-696ba1a1f1b0","pre_ai_usage","7","pre","2025-04-25 10:11:09.790552+00"
"294","d6bc2fd2-4b6d-4805-ba46-696ba1a1f1b0","pre_tech_comfort","7","pre","2025-04-25 10:11:09.790552+00"
"295","2a6ffef2-45ce-453a-abaa-4929474caf5b","pre_content_familiarity","7","pre","2025-04-25 10:11:10.804649+00"
"296","2a6ffef2-45ce-453a-abaa-4929474caf5b","pre_decision_experience","5","pre","2025-04-25 10:11:10.804649+00"
"297","2a6ffef2-45ce-453a-abaa-4929474caf5b","pre_ai_familiarity","7","pre","2025-04-25 10:11:10.804649+00"
"298","2a6ffef2-45ce-453a-abaa-4929474caf5b","pre_ai_usage","2","pre","2025-04-25 10:11:10.804649+00"
"299","2a6ffef2-45ce-453a-abaa-4929474caf5b","pre_tech_comfort","7","pre","2025-04-25 10:11:10.804649+00"
"300","f9e8e30e-6178-4de7-ba7d-cca822f9f989","pre_content_familiarity","7","pre","2025-04-25 10:11:56.393604+00"
"301","f9e8e30e-6178-4de7-ba7d-cca822f9f989","pre_decision_experience","6","pre","2025-04-25 10:11:56.393604+00"
"302","f9e8e30e-6178-4de7-ba7d-cca822f9f989","pre_ai_familiarity","7","pre","2025-04-25 10:11:56.393604+00"
"303","f9e8e30e-6178-4de7-ba7d-cca822f9f989","pre_ai_usage","6","pre","2025-04-25 10:11:56.393604+00"
"304","f9e8e30e-6178-4de7-ba7d-cca822f9f989","pre_tech_comfort","7","pre","2025-04-25 10:11:56.393604+00"
"305","9b158d49-b4c2-447d-8a3d-d5df47ce29d1","pre_content_familiarity","7","pre","2025-04-25 10:12:09.682447+00"
"306","9b158d49-b4c2-447d-8a3d-d5df47ce29d1","pre_decision_experience","7","pre","2025-04-25 10:12:09.682447+00"
"307","9b158d49-b4c2-447d-8a3d-d5df47ce29d1","pre_ai_familiarity","6","pre","2025-04-25 10:12:09.682447+00"
"308","9b158d49-b4c2-447d-8a3d-d5df47ce29d1","pre_ai_usage","7","pre","2025-04-25 10:12:09.682447+00"
"309","9b158d49-b4c2-447d-8a3d-d5df47ce29d1","pre_tech_comfort","7","pre","2025-04-25 10:12:09.682447+00"
"310","d35fbd2f-a8ee-4857-ab65-879838215e77","pre_content_familiarity","7","pre","2025-04-25 10:12:28.747053+00"
"311","d35fbd2f-a8ee-4857-ab65-879838215e77","pre_decision_experience","6","pre","2025-04-25 10:12:28.747053+00"
"312","d35fbd2f-a8ee-4857-ab65-879838215e77","pre_ai_familiarity","7","pre","2025-04-25 10:12:28.747053+00"
"313","d35fbd2f-a8ee-4857-ab65-879838215e77","pre_ai_usage","7","pre","2025-04-25 10:12:28.747053+00"
"314","d35fbd2f-a8ee-4857-ab65-879838215e77","pre_tech_comfort","7","pre","2025-04-25 10:12:28.747053+00"
"315","bee80cba-c6ac-41f1-869c-dd4eaaf2c919","pre_content_familiarity","7","pre","2025-04-25 10:12:37.777047+00"
"316","bee80cba-c6ac-41f1-869c-dd4eaaf2c919","pre_decision_experience","4","pre","2025-04-25 10:12:37.777047+00"
"317","bee80cba-c6ac-41f1-869c-dd4eaaf2c919","pre_ai_familiarity","6","pre","2025-04-25 10:12:37.777047+00"
"318","bee80cba-c6ac-41f1-869c-dd4eaaf2c919","pre_ai_usage","7","pre","2025-04-25 10:12:37.777047+00"
"319","bee80cba-c6ac-41f1-869c-dd4eaaf2c919","pre_tech_comfort","6","pre","2025-04-25 10:12:37.777047+00"
"320","346fb2ca-9655-4a93-be9e-802336b1b52b","pre_content_familiarity","7","pre","2025-04-25 10:12:50.256925+00"
"321","346fb2ca-9655-4a93-be9e-802336b1b52b","pre_decision_experience","7","pre","2025-04-25 10:12:50.256925+00"
"322","346fb2ca-9655-4a93-be9e-802336b1b52b","pre_ai_familiarity","6","pre","2025-04-25 10:12:50.256925+00"
"323","346fb2ca-9655-4a93-be9e-802336b1b52b","pre_ai_usage","7","pre","2025-04-25 10:12:50.256925+00"
"324","346fb2ca-9655-4a93-be9e-802336b1b52b","pre_tech_comfort","7","pre","2025-04-25 10:12:50.256925+00"
"325","7bb2203d-a0bd-4030-87f9-10d78eb6f043","pre_content_familiarity","7","pre","2025-04-25 10:12:51.115827+00"
"326","7bb2203d-a0bd-4030-87f9-10d78eb6f043","pre_decision_experience","4","pre","2025-04-25 10:12:51.115827+00"
"327","7bb2203d-a0bd-4030-87f9-10d78eb6f043","pre_ai_familiarity","7","pre","2025-04-25 10:12:51.115827+00"
"328","7bb2203d-a0bd-4030-87f9-10d78eb6f043","pre_ai_usage","7","pre","2025-04-25 10:12:51.115827+00"
"329","7bb2203d-a0bd-4030-87f9-10d78eb6f043","pre_tech_comfort","7","pre","2025-04-25 10:12:51.115827+00"
"330","bee80cba-c6ac-41f1-869c-dd4eaaf2c919","post_overall_difficulty","2","post","2025-04-25 10:21:40.380586+00"
"331","bee80cba-c6ac-41f1-869c-dd4eaaf2c919","post_confidence","1","post","2025-04-25 10:21:40.380586+00"
"332","bee80cba-c6ac-41f1-869c-dd4eaaf2c919","post_effort","1","post","2025-04-25 10:21:40.380586+00"
"333","bee80cba-c6ac-41f1-869c-dd4eaaf2c919","post_engagement","4","post","2025-04-25 10:21:40.380586+00"
"334","346fb2ca-9655-4a93-be9e-802336b1b52b","post_overall_difficulty","5","post","2025-04-25 10:24:01.34023+00"
"335","346fb2ca-9655-4a93-be9e-802336b1b52b","post_confidence","5","post","2025-04-25 10:24:01.34023+00"
"336","346fb2ca-9655-4a93-be9e-802336b1b52b","post_effort","4","post","2025-04-25 10:24:01.34023+00"
"337","346fb2ca-9655-4a93-be9e-802336b1b52b","post_engagement","6","post","2025-04-25 10:24:01.34023+00"
"338","f9e8e30e-6178-4de7-ba7d-cca822f9f989","post_overall_difficulty","5","post","2025-04-25 10:24:42.934196+00"
"339","f9e8e30e-6178-4de7-ba7d-cca822f9f989","post_confidence","3","post","2025-04-25 10:24:42.934196+00"
"340","f9e8e30e-6178-4de7-ba7d-cca822f9f989","post_effort","6","post","2025-04-25 10:24:42.934196+00"
"341","f9e8e30e-6178-4de7-ba7d-cca822f9f989","post_engagement","4","post","2025-04-25 10:24:42.934196+00"
"342","d35fbd2f-a8ee-4857-ab65-879838215e77","post_overall_difficulty","4","post","2025-04-25 10:25:00.491042+00"
"343","d35fbd2f-a8ee-4857-ab65-879838215e77","post_confidence","3","post","2025-04-25 10:25:00.491042+00"
"344","d35fbd2f-a8ee-4857-ab65-879838215e77","post_effort","3","post","2025-04-25 10:25:00.491042+00"
"345","d35fbd2f-a8ee-4857-ab65-879838215e77","post_engagement","5","post","2025-04-25 10:25:00.491042+00"
"346","7bb2203d-a0bd-4030-87f9-10d78eb6f043","post_overall_difficulty","4","post","2025-04-25 10:25:18.018776+00"
"347","7bb2203d-a0bd-4030-87f9-10d78eb6f043","post_confidence","3","post","2025-04-25 10:25:18.018776+00"
"348","7bb2203d-a0bd-4030-87f9-10d78eb6f043","post_effort","5","post","2025-04-25 10:25:18.018776+00"
"349","7bb2203d-a0bd-4030-87f9-10d78eb6f043","post_engagement","5","post","2025-04-25 10:25:18.018776+00"
"350","2a6ffef2-45ce-453a-abaa-4929474caf5b","post_overall_difficulty","3","post","2025-04-25 10:25:21.364991+00"
"351","2a6ffef2-45ce-453a-abaa-4929474caf5b","post_confidence","5","post","2025-04-25 10:25:21.364991+00"
"352","2a6ffef2-45ce-453a-abaa-4929474caf5b","post_effort","4","post","2025-04-25 10:25:21.364991+00"
"353","2a6ffef2-45ce-453a-abaa-4929474caf5b","post_engagement","6","post","2025-04-25 10:25:21.364991+00"
"354","d6bc2fd2-4b6d-4805-ba46-696ba1a1f1b0","post_overall_difficulty","3","post","2025-04-25 10:25:51.144687+00"
"355","d6bc2fd2-4b6d-4805-ba46-696ba1a1f1b0","post_confidence","3","post","2025-04-25 10:25:51.144687+00"
"356","d6bc2fd2-4b6d-4805-ba46-696ba1a1f1b0","post_effort","5","post","2025-04-25 10:25:51.144687+00"
"357","d6bc2fd2-4b6d-4805-ba46-696ba1a1f1b0","post_engagement","3","post","2025-04-25 10:25:51.144687+00"
"358","9b158d49-b4c2-447d-8a3d-d5df47ce29d1","post_overall_difficulty","5","post","2025-04-25 10:26:06.690944+00"
"359","9b158d49-b4c2-447d-8a3d-d5df47ce29d1","post_confidence","3","post","2025-04-25 10:26:06.690944+00"
"360","9b158d49-b4c2-447d-8a3d-d5df47ce29d1","post_effort","6","post","2025-04-25 10:26:06.690944+00"
"361","9b158d49-b4c2-447d-8a3d-d5df47ce29d1","post_engagement","4","post","2025-04-25 10:26:06.690944+00"
"362","c8041c5c-38ce-4991-b0f3-a9960672fce1","pre_content_familiarity","7","pre","2025-04-25 10:41:25.537489+00"
"363","c8041c5c-38ce-4991-b0f3-a9960672fce1","pre_decision_experience","7","pre","2025-04-25 10:41:25.537489+00"
"364","c8041c5c-38ce-4991-b0f3-a9960672fce1","pre_ai_familiarity","6","pre","2025-04-25 10:41:25.537489+00"
"365","c8041c5c-38ce-4991-b0f3-a9960672fce1","pre_ai_usage","5","pre","2025-04-25 10:41:25.537489+00"
"366","c8041c5c-38ce-4991-b0f3-a9960672fce1","pre_tech_comfort","7","pre","2025-04-25 10:41:25.537489+00"
"367","144da5ba-b2ef-4861-9e85-7577e9e4ee9a","pre_content_familiarity","7","pre","2025-04-25 10:41:38.731094+00"
"368","144da5ba-b2ef-4861-9e85-7577e9e4ee9a","pre_decision_experience","7","pre","2025-04-25 10:41:38.731094+00"
"369","144da5ba-b2ef-4861-9e85-7577e9e4ee9a","pre_ai_familiarity","7","pre","2025-04-25 10:41:38.731094+00"
"370","144da5ba-b2ef-4861-9e85-7577e9e4ee9a","pre_ai_usage","7","pre","2025-04-25 10:41:38.731094+00"
"371","144da5ba-b2ef-4861-9e85-7577e9e4ee9a","pre_tech_comfort","7","pre","2025-04-25 10:41:38.731094+00"
"372","7bc35e9f-ebfa-45a9-8527-2f825cddecd0","pre_content_familiarity","7","pre","2025-04-25 10:41:56.629246+00"
"373","7bc35e9f-ebfa-45a9-8527-2f825cddecd0","pre_decision_experience","6","pre","2025-04-25 10:41:56.629246+00"
"374","7bc35e9f-ebfa-45a9-8527-2f825cddecd0","pre_ai_familiarity","6","pre","2025-04-25 10:41:56.629246+00"
"375","7bc35e9f-ebfa-45a9-8527-2f825cddecd0","pre_ai_usage","6","pre","2025-04-25 10:41:56.629246+00"
"376","7bc35e9f-ebfa-45a9-8527-2f825cddecd0","pre_tech_comfort","7","pre","2025-04-25 10:41:56.629246+00"
"377","cc61afea-4367-4738-89b9-8c8d8a306d8c","pre_content_familiarity","7","pre","2025-04-25 10:41:57.742091+00"
"378","cc61afea-4367-4738-89b9-8c8d8a306d8c","pre_decision_experience","7","pre","2025-04-25 10:41:57.742091+00"
"379","cc61afea-4367-4738-89b9-8c8d8a306d8c","pre_ai_familiarity","7","pre","2025-04-25 10:41:57.742091+00"
"380","cc61afea-4367-4738-89b9-8c8d8a306d8c","pre_ai_usage","7","pre","2025-04-25 10:41:57.742091+00"
"381","cc61afea-4367-4738-89b9-8c8d8a306d8c","pre_tech_comfort","7","pre","2025-04-25 10:41:57.742091+00"
"382","f9f9f19b-76ec-47c1-8099-f3f01a5d8f6a","pre_content_familiarity","7","pre","2025-04-25 10:42:04.938098+00"
"383","f9f9f19b-76ec-47c1-8099-f3f01a5d8f6a","pre_decision_experience","6","pre","2025-04-25 10:42:04.938098+00"
"384","f9f9f19b-76ec-47c1-8099-f3f01a5d8f6a","pre_ai_familiarity","6","pre","2025-04-25 10:42:04.938098+00"
"385","f9f9f19b-76ec-47c1-8099-f3f01a5d8f6a","pre_ai_usage","6","pre","2025-04-25 10:42:04.938098+00"
"386","f9f9f19b-76ec-47c1-8099-f3f01a5d8f6a","pre_tech_comfort","6","pre","2025-04-25 10:42:04.938098+00"
"387","d519b933-73b4-4061-b5c3-6d8b7b857c95","pre_content_familiarity","6","pre","2025-04-25 10:42:35.919898+00"
"388","d519b933-73b4-4061-b5c3-6d8b7b857c95","pre_decision_experience","7","pre","2025-04-25 10:42:35.919898+00"
"389","d519b933-73b4-4061-b5c3-6d8b7b857c95","pre_ai_familiarity","5","pre","2025-04-25 10:42:35.919898+00"
"390","d519b933-73b4-4061-b5c3-6d8b7b857c95","pre_ai_usage","4","pre","2025-04-25 10:42:35.919898+00"
"391","d519b933-73b4-4061-b5c3-6d8b7b857c95","pre_tech_comfort","6","pre","2025-04-25 10:42:35.919898+00"
"392","4ab72f02-b318-4c28-8ef0-c41a9eb79282","pre_content_familiarity","7","pre","2025-04-25 10:42:37.871132+00"
"393","4ab72f02-b318-4c28-8ef0-c41a9eb79282","pre_decision_experience","7","pre","2025-04-25 10:42:37.871132+00"
"394","4ab72f02-b318-4c28-8ef0-c41a9eb79282","pre_ai_familiarity","5","pre","2025-04-25 10:42:37.871132+00"
"395","4ab72f02-b318-4c28-8ef0-c41a9eb79282","pre_ai_usage","3","pre","2025-04-25 10:42:37.871132+00"
"396","4ab72f02-b318-4c28-8ef0-c41a9eb79282","pre_tech_comfort","7","pre","2025-04-25 10:42:37.871132+00"
"397","d7d9c375-530f-43f0-921e-a8cbf47df914","pre_content_familiarity","7","pre","2025-04-25 10:42:38.967785+00"
"398","d7d9c375-530f-43f0-921e-a8cbf47df914","pre_decision_experience","7","pre","2025-04-25 10:42:38.967785+00"
"399","d7d9c375-530f-43f0-921e-a8cbf47df914","pre_ai_familiarity","7","pre","2025-04-25 10:42:38.967785+00"
"400","d7d9c375-530f-43f0-921e-a8cbf47df914","pre_ai_usage","6","pre","2025-04-25 10:42:38.967785+00"
"401","d7d9c375-530f-43f0-921e-a8cbf47df914","pre_tech_comfort","7","pre","2025-04-25 10:42:38.967785+00"
"402","98bdcd75-a1f9-49ed-8cab-8f49ffb0c6ce","pre_content_familiarity","6","pre","2025-04-25 10:42:56.97256+00"
"403","98bdcd75-a1f9-49ed-8cab-8f49ffb0c6ce","pre_decision_experience","6","pre","2025-04-25 10:42:56.97256+00"
"404","98bdcd75-a1f9-49ed-8cab-8f49ffb0c6ce","pre_ai_familiarity","3","pre","2025-04-25 10:42:56.97256+00"
"405","98bdcd75-a1f9-49ed-8cab-8f49ffb0c6ce","pre_ai_usage","4","pre","2025-04-25 10:42:56.97256+00"
"406","98bdcd75-a1f9-49ed-8cab-8f49ffb0c6ce","pre_tech_comfort","5","pre","2025-04-25 10:42:56.97256+00"
"407","9ad79e66-f08b-4a92-9b73-fe13848408c3","pre_content_familiarity","7","pre","2025-04-25 10:43:13.933282+00"
"408","9ad79e66-f08b-4a92-9b73-fe13848408c3","pre_decision_experience","6","pre","2025-04-25 10:43:13.933282+00"
"409","9ad79e66-f08b-4a92-9b73-fe13848408c3","pre_ai_familiarity","5","pre","2025-04-25 10:43:13.933282+00"
"410","9ad79e66-f08b-4a92-9b73-fe13848408c3","pre_ai_usage","6","pre","2025-04-25 10:43:13.933282+00"
"411","9ad79e66-f08b-4a92-9b73-fe13848408c3","pre_tech_comfort","6","pre","2025-04-25 10:43:13.933282+00"
"412","416ced96-db46-4c29-95dc-864750c655dc","pre_content_familiarity","7","pre","2025-04-25 10:43:15.365461+00"
"413","416ced96-db46-4c29-95dc-864750c655dc","pre_decision_experience","5","pre","2025-04-25 10:43:15.365461+00"
"414","416ced96-db46-4c29-95dc-864750c655dc","pre_ai_familiarity","3","pre","2025-04-25 10:43:15.365461+00"
"415","416ced96-db46-4c29-95dc-864750c655dc","pre_ai_usage","2","pre","2025-04-25 10:43:15.365461+00"
"416","416ced96-db46-4c29-95dc-864750c655dc","pre_tech_comfort","5","pre","2025-04-25 10:43:15.365461+00"
"417","999e697f-eced-4f04-9cdc-7c6d1138e13f","pre_content_familiarity","7","pre","2025-04-25 10:44:54.975364+00"
"418","999e697f-eced-4f04-9cdc-7c6d1138e13f","pre_decision_experience","6","pre","2025-04-25 10:44:54.975364+00"
"419","999e697f-eced-4f04-9cdc-7c6d1138e13f","pre_ai_familiarity","4","pre","2025-04-25 10:44:54.975364+00"
"420","999e697f-eced-4f04-9cdc-7c6d1138e13f","pre_ai_usage","4","pre","2025-04-25 10:44:54.975364+00"
"421","999e697f-eced-4f04-9cdc-7c6d1138e13f","pre_tech_comfort","1","pre","2025-04-25 10:44:54.975364+00"
"422","cc61afea-4367-4738-89b9-8c8d8a306d8c","post_overall_difficulty","6","post","2025-04-25 10:52:52.864911+00"
"423","cc61afea-4367-4738-89b9-8c8d8a306d8c","post_confidence","2","post","2025-04-25 10:52:52.864911+00"
"424","cc61afea-4367-4738-89b9-8c8d8a306d8c","post_effort","5","post","2025-04-25 10:52:52.864911+00"
"425","cc61afea-4367-4738-89b9-8c8d8a306d8c","post_engagement","4","post","2025-04-25 10:52:52.864911+00"
"426","f9f9f19b-76ec-47c1-8099-f3f01a5d8f6a","post_overall_difficulty","5","post","2025-04-25 10:54:23.231747+00"
"427","f9f9f19b-76ec-47c1-8099-f3f01a5d8f6a","post_confidence","4","post","2025-04-25 10:54:23.231747+00"
"428","f9f9f19b-76ec-47c1-8099-f3f01a5d8f6a","post_effort","3","post","2025-04-25 10:54:23.231747+00"
"429","f9f9f19b-76ec-47c1-8099-f3f01a5d8f6a","post_engagement","6","post","2025-04-25 10:54:23.231747+00"
"430","416ced96-db46-4c29-95dc-864750c655dc","post_overall_difficulty","7","post","2025-04-25 10:54:49.596618+00"
"431","416ced96-db46-4c29-95dc-864750c655dc","post_confidence","2","post","2025-04-25 10:54:49.596618+00"
"432","416ced96-db46-4c29-95dc-864750c655dc","post_effort","5","post","2025-04-25 10:54:49.596618+00"
"433","416ced96-db46-4c29-95dc-864750c655dc","post_engagement","4","post","2025-04-25 10:54:49.596618+00"
"434","4ab72f02-b318-4c28-8ef0-c41a9eb79282","post_overall_difficulty","4","post","2025-04-25 10:55:40.098051+00"
"435","4ab72f02-b318-4c28-8ef0-c41a9eb79282","post_confidence","4","post","2025-04-25 10:55:40.098051+00"
"436","4ab72f02-b318-4c28-8ef0-c41a9eb79282","post_effort","2","post","2025-04-25 10:55:40.098051+00"
"437","4ab72f02-b318-4c28-8ef0-c41a9eb79282","post_engagement","7","post","2025-04-25 10:55:40.098051+00"
"438","c8041c5c-38ce-4991-b0f3-a9960672fce1","post_overall_difficulty","5","post","2025-04-25 10:55:54.322876+00"
"439","c8041c5c-38ce-4991-b0f3-a9960672fce1","post_confidence","4","post","2025-04-25 10:55:54.322876+00"
"440","c8041c5c-38ce-4991-b0f3-a9960672fce1","post_effort","5","post","2025-04-25 10:55:54.322876+00"
"441","c8041c5c-38ce-4991-b0f3-a9960672fce1","post_engagement","6","post","2025-04-25 10:55:54.322876+00"
"442","d7d9c375-530f-43f0-921e-a8cbf47df914","post_overall_difficulty","7","post","2025-04-25 10:56:05.388669+00"
"443","d7d9c375-530f-43f0-921e-a8cbf47df914","post_confidence","3","post","2025-04-25 10:56:05.388669+00"
"444","d7d9c375-530f-43f0-921e-a8cbf47df914","post_effort","5","post","2025-04-25 10:56:05.388669+00"
"445","d7d9c375-530f-43f0-921e-a8cbf47df914","post_engagement","6","post","2025-04-25 10:56:05.388669+00"
"446","9ad79e66-f08b-4a92-9b73-fe13848408c3","post_overall_difficulty","5","post","2025-04-25 10:56:07.92428+00"
"447","9ad79e66-f08b-4a92-9b73-fe13848408c3","post_confidence","3","post","2025-04-25 10:56:07.92428+00"
"448","9ad79e66-f08b-4a92-9b73-fe13848408c3","post_effort","3","post","2025-04-25 10:56:07.92428+00"
"449","9ad79e66-f08b-4a92-9b73-fe13848408c3","post_engagement","3","post","2025-04-25 10:56:07.92428+00"
"450","d519b933-73b4-4061-b5c3-6d8b7b857c95","post_overall_difficulty","3","post","2025-04-25 10:57:38.813713+00"
"451","d519b933-73b4-4061-b5c3-6d8b7b857c95","post_confidence","4","post","2025-04-25 10:57:38.813713+00"
"452","d519b933-73b4-4061-b5c3-6d8b7b857c95","post_effort","4","post","2025-04-25 10:57:38.813713+00"
"453","d519b933-73b4-4061-b5c3-6d8b7b857c95","post_engagement","7","post","2025-04-25 10:57:38.813713+00"
"454","98bdcd75-a1f9-49ed-8cab-8f49ffb0c6ce","post_overall_difficulty","5","post","2025-04-25 10:58:22.890627+00"
"455","98bdcd75-a1f9-49ed-8cab-8f49ffb0c6ce","post_confidence","3","post","2025-04-25 10:58:22.890627+00"
"456","98bdcd75-a1f9-49ed-8cab-8f49ffb0c6ce","post_effort","5","post","2025-04-25 10:58:22.890627+00"
"457","98bdcd75-a1f9-49ed-8cab-8f49ffb0c6ce","post_engagement","6","post","2025-04-25 10:58:22.890627+00"
"458","999e697f-eced-4f04-9cdc-7c6d1138e13f","post_overall_difficulty","1","post","2025-04-25 10:58:36.354539+00"
"459","999e697f-eced-4f04-9cdc-7c6d1138e13f","post_confidence","3","post","2025-04-25 10:58:36.354539+00"
"460","999e697f-eced-4f04-9cdc-7c6d1138e13f","post_effort","3","post","2025-04-25 10:58:36.354539+00"
"461","999e697f-eced-4f04-9cdc-7c6d1138e13f","post_engagement","1","post","2025-04-25 10:58:36.354539+00"
"462","144da5ba-b2ef-4861-9e85-7577e9e4ee9a","post_overall_difficulty","5","post","2025-04-25 10:59:24.790431+00"
"463","144da5ba-b2ef-4861-9e85-7577e9e4ee9a","post_confidence","3","post","2025-04-25 10:59:24.790431+00"
"464","144da5ba-b2ef-4861-9e85-7577e9e4ee9a","post_effort","4","post","2025-04-25 10:59:24.790431+00"
"465","144da5ba-b2ef-4861-9e85-7577e9e4ee9a","post_engagement","5","post","2025-04-25 10:59:24.790431+00"
"466","7bc35e9f-ebfa-45a9-8527-2f825cddecd0","post_overall_difficulty","5","post","2025-04-25 10:59:32.634479+00"
"467","7bc35e9f-ebfa-45a9-8527-2f825cddecd0","post_confidence","5","post","2025-04-25 10:59:32.634479+00"
"468","7bc35e9f-ebfa-45a9-8527-2f825cddecd0","post_effort","3","post","2025-04-25 10:59:32.634479+00"
"469","7bc35e9f-ebfa-45a9-8527-2f825cddecd0","post_engagement","7","post","2025-04-25 10:59:32.634479+00"
"470","67a006e6-13cc-4efb-8b8b-0ab748a11796","pre_content_familiarity","7","pre","2025-04-25 13:05:46.962402+00"
"471","67a006e6-13cc-4efb-8b8b-0ab748a11796","pre_decision_experience","7","pre","2025-04-25 13:05:46.962402+00"
"472","67a006e6-13cc-4efb-8b8b-0ab748a11796","pre_ai_familiarity","7","pre","2025-04-25 13:05:46.962402+00"
"473","67a006e6-13cc-4efb-8b8b-0ab748a11796","pre_ai_usage","7","pre","2025-04-25 13:05:46.962402+00"
"474","67a006e6-13cc-4efb-8b8b-0ab748a11796","pre_tech_comfort","7","pre","2025-04-25 13:05:46.962402+00"
"475","26915b8f-189a-4312-bc77-46776d82c208","pre_content_familiarity","7","pre","2025-04-28 09:49:23.320443+00"
"476","26915b8f-189a-4312-bc77-46776d82c208","pre_decision_experience","7","pre","2025-04-28 09:49:23.320443+00"
"477","26915b8f-189a-4312-bc77-46776d82c208","pre_ai_familiarity","7","pre","2025-04-28 09:49:23.320443+00"
"478","26915b8f-189a-4312-bc77-46776d82c208","pre_ai_usage","7","pre","2025-04-28 09:49:23.320443+00"
"479","26915b8f-189a-4312-bc77-46776d82c208","pre_tech_comfort","7","pre","2025-04-28 09:49:23.320443+00"
"480","9a6274bb-d17c-46b6-bb18-11bc1dd65d97","pre_content_familiarity","7","pre","2025-05-04 11:08:02.006186+00"
"481","9a6274bb-d17c-46b6-bb18-11bc1dd65d97","pre_decision_experience","5","pre","2025-05-04 11:08:02.006186+00"
"482","9a6274bb-d17c-46b6-bb18-11bc1dd65d97","pre_ai_familiarity","7","pre","2025-05-04 11:08:02.006186+00"
"483","9a6274bb-d17c-46b6-bb18-11bc1dd65d97","pre_ai_usage","7","pre","2025-05-04 11:08:02.006186+00"
"484","9a6274bb-d17c-46b6-bb18-11bc1dd65d97","pre_tech_comfort","6","pre","2025-05-04 11:08:02.006186+00"
"485","4d423645-09a6-47b6-9bfd-49399beee4c4","pre_content_familiarity","7","pre","2025-05-04 11:12:54.371166+00"
"486","4d423645-09a6-47b6-9bfd-49399beee4c4","pre_decision_experience","7","pre","2025-05-04 11:12:54.371166+00"
"487","4d423645-09a6-47b6-9bfd-49399beee4c4","pre_ai_familiarity","7","pre","2025-05-04 11:12:54.371166+00"
"488","4d423645-09a6-47b6-9bfd-49399beee4c4","pre_ai_usage","7","pre","2025-05-04 11:12:54.371166+00"
"489","4d423645-09a6-47b6-9bfd-49399beee4c4","pre_tech_comfort","7","pre","2025-05-04 11:12:54.371166+00"
"490","fd8b5d9a-df98-4df5-922a-190f9912b135","pre_content_familiarity","7","pre","2025-05-04 11:13:04.838217+00"
"491","fd8b5d9a-df98-4df5-922a-190f9912b135","pre_decision_experience","7","pre","2025-05-04 11:13:04.838217+00"
"492","fd8b5d9a-df98-4df5-922a-190f9912b135","pre_ai_familiarity","7","pre","2025-05-04 11:13:04.838217+00"
"493","fd8b5d9a-df98-4df5-922a-190f9912b135","pre_ai_usage","7","pre","2025-05-04 11:13:04.838217+00"
"494","fd8b5d9a-df98-4df5-922a-190f9912b135","pre_tech_comfort","7","pre","2025-05-04 11:13:04.838217+00"
"495","9a6274bb-d17c-46b6-bb18-11bc1dd65d97","post_overall_difficulty","4","post","2025-05-04 11:24:50.582341+00"
"496","9a6274bb-d17c-46b6-bb18-11bc1dd65d97","post_confidence","4","post","2025-05-04 11:24:50.582341+00"
"497","9a6274bb-d17c-46b6-bb18-11bc1dd65d97","post_effort","4","post","2025-05-04 11:24:50.582341+00"
"498","9a6274bb-d17c-46b6-bb18-11bc1dd65d97","post_engagement","6","post","2025-05-04 11:24:50.582341+00"
"499","4d423645-09a6-47b6-9bfd-49399beee4c4","post_overall_difficulty","5","post","2025-05-04 11:27:44.624209+00"
"500","4d423645-09a6-47b6-9bfd-49399beee4c4","post_confidence","3","post","2025-05-04 11:27:44.624209+00"
"501","4d423645-09a6-47b6-9bfd-49399beee4c4","post_effort","4","post","2025-05-04 11:27:44.624209+00"
"502","4d423645-09a6-47b6-9bfd-49399beee4c4","post_engagement","6","post","2025-05-04 11:27:44.624209+00"
"503","fd8b5d9a-df98-4df5-922a-190f9912b135","post_overall_difficulty","3","post","2025-05-04 11:29:50.586827+00"
"504","fd8b5d9a-df98-4df5-922a-190f9912b135","post_confidence","6","post","2025-05-04 11:29:50.586827+00"
"505","fd8b5d9a-df98-4df5-922a-190f9912b135","post_effort","4","post","2025-05-04 11:29:50.586827+00"
"506","fd8b5d9a-df98-4df5-922a-190f9912b135","post_engagement","5","post","2025-05-04 11:29:50.586827+00"